{"cameraMode":{"drawMode":0,"name":"Shaded","section":"Shading Mode"},"sceneLighting":false,"audioPlay":false,"sceneViewState":{"m_AlwaysRefresh":false,"showFog":true,"showSkybox":false,"showFlares":true,"showImageEffects":true,"showParticleSystems":true,"showVisualEffectGraphs":true,"m_FxEnabled":true},"in2DMode":false,"pivot":{"x":-14.794025421142579,"y":-17.079082489013673,"z":-34.537139892578128},"rotation":{"x":0.04607595130801201,"y":-0.9534695744514465,"z":0.22576403617858888,"w":0.19456401467323304},"size":91.05432891845703,"orthographic":false}