{"cameraMode":{"drawMode":0,"name":"Shaded","section":"Shading Mode"},"sceneLighting":true,"audioPlay":false,"sceneViewState":{"m_AlwaysRefresh":false,"showFog":true,"showSkybox":true,"showFlares":true,"showImageEffects":true,"showParticleSystems":true,"showVisualEffectGraphs":true,"m_FxEnabled":true},"in2DMode":false,"pivot":{"x":11.102596282958985,"y":-12.456588745117188,"z":147.10494995117188},"rotation":{"x":1.0198735367339396e-7,"y":0.08481749147176743,"z":0.000010258765541948378,"w":-0.9964937567710877},"size":0.8660253882408142,"orthographic":false}