{"cameraMode":{"drawMode":0,"name":"Shaded","section":"Shading Mode"},"sceneLighting":false,"audioPlay":false,"sceneViewState":{"m_AlwaysRefresh":false,"showFog":true,"showSkybox":false,"showFlares":true,"showImageEffects":true,"showParticleSystems":true,"showVisualEffectGraphs":true,"m_FxEnabled":true},"in2DMode":false,"pivot":{"x":472.8183898925781,"y":156.27268981933595,"z":-3.6536521911621095},"rotation":{"x":0.05136600881814957,"y":-0.9202959537506104,"z":0.12921735644340516,"w":0.36575981974601748},"size":54.299774169921878,"orthographic":false}