{"cameraMode":{"drawMode":0,"name":"Shaded","section":"Shading Mode"},"sceneLighting":false,"audioPlay":false,"sceneViewState":{"m_AlwaysRefresh":false,"showFog":true,"showSkybox":false,"showFlares":true,"showImageEffects":true,"showParticleSystems":true,"showVisualEffectGraphs":true,"m_FxEnabled":true},"in2DMode":false,"pivot":{"x":-0.0036325454711914064,"y":0.056216754019260409,"z":-0.007154904305934906},"rotation":{"x":-0.3293648362159729,"y":0.5263605117797852,"z":-0.23147635161876679,"w":-0.7489569187164307},"size":0.1992284059524536,"orthographic":false}